# x1,x2,x3,x4,u
1.194600009918212891e+01,-2.125299987792968750e+02,5.315299987792968750e+01,6.736900329589843750e+01,-1.832999944686889648e+00
1.152099990844726562e+01,-2.115800018310546875e+02,5.328499984741210938e+01,6.430799865722656250e+01,-1.753999948501586914e+00
1.109799957275390625e+01,-2.118840026855468750e+02,5.341099929809570312e+01,6.214699935913085938e+01,-1.674999952316284180e+00
1.067500019073486328e+01,-2.107599945068359375e+02,5.352999877929687500e+01,5.690399932861328125e+01,-1.674999952316284180e+00
1.026099967956542969e+01,-2.037660064697265625e+02,5.363899993896484375e+01,5.254800033569335938e+01,-1.674999952316284180e+00
9.864000320434570312e+00,-1.925110015869140625e+02,5.373799896240234375e+01,4.590700149536132812e+01,-1.674999952316284180e+00
9.494999885559082031e+00,-1.766889953613281250e+02,5.382500076293945312e+01,4.101200103759765625e+01,-1.674999952316284180e+00
9.159999847412109375e+00,-1.580599975585937500e+02,5.390000152587890625e+01,3.416199874877929688e+01,-1.674999952316284180e+00
8.866000175476074219e+00,-1.364109954833984375e+02,5.396300125122070312e+01,2.906800079345703125e+01,-1.674999952316284180e+00
8.616000175476074219e+00,-1.133249969482421875e+02,5.401499938964843750e+01,2.270899963378906250e+01,-1.674999952316284180e+00
8.413999557495117188e+00,-8.880200195312500000e+01,5.405500030517578125e+01,1.769400024414062500e+01,-1.674999952316284180e+00
8.260999679565429688e+00,-6.409500122070312500e+01,5.408499908447265625e+01,1.219799995422363281e+01,-1.674999952316284180e+00
8.156999588012695312e+00,-3.943199920654296875e+01,5.410499954223632812e+01,7.386000156402587891e+00,-1.674999952316284180e+00
8.102000236511230469e+00,-1.564099979400634766e+01,5.411500167846679688e+01,2.892999887466430664e+00,-1.674999952316284180e+00
8.093000411987304688e+00,6.835000038146972656e+00,5.411600112915039062e+01,-1.667999982833862305e+00,-1.674999952316284180e+00
8.126999855041503906e+00,2.763899993896484375e+01,5.410900115966796875e+01,-5.138999938964843750e+00,-1.674999952316284180e+00
8.201000213623046875e+00,4.615000152587890625e+01,5.409500122070312500e+01,-9.366000175476074219e+00,-1.674999952316284180e+00
8.309000015258789062e+00,6.248199844360351562e+01,5.407400131225585938e+01,-1.182699966430664062e+01,-1.674999952316284180e+00
8.447999954223632812e+00,7.587899780273437500e+01,5.404600143432617188e+01,-1.555200004577636719e+01,-1.674999952316284180e+00
8.609999656677246094e+00,8.688300323486328125e+01,5.401399993896484375e+01,-1.700499916076660156e+01,-1.674999952316284180e+00
8.791999816894531250e+00,9.465899658203125000e+01,5.397700119018554688e+01,-1.998299980163574219e+01,-1.674999952316284180e+00
8.987000465393066406e+00,1.000910034179687500e+02,5.393600082397460938e+01,-2.042499923706054688e+01,-1.674999952316284180e+00
9.189000129699707031e+00,1.023369979858398438e+02,5.389400100708007812e+01,-2.240200042724609375e+01,-1.674999952316284180e+00
9.394000053405761719e+00,1.024980010986328125e+02,5.384899902343750000e+01,-2.186300086975097656e+01,-1.674999952316284180e+00
9.595999717712402344e+00,9.980300140380859375e+01,5.380500030517578125e+01,-2.264999961853027344e+01,-1.674999952316284180e+00
9.791000366210937500e+00,9.542299652099609375e+01,5.376100158691406250e+01,-2.123399925231933594e+01,-1.674999952316284180e+00
9.975000381469726562e+00,8.874400329589843750e+01,5.371900177001953125e+01,-2.077300071716308594e+01,-1.674999952316284180e+00
1.014500045776367188e+01,8.084999847412109375e+01,5.368000030517578125e+01,-1.867700004577636719e+01,-1.674999952316284180e+00
1.029699993133544922e+01,7.136299896240234375e+01,5.364400100708007812e+01,-1.707099914550781250e+01,-1.674999952316284180e+00
1.042899990081787109e+01,6.114400100708007812e+01,5.361199951171875000e+01,-1.457100009918212891e+01,-1.674999952316284180e+00
1.053999996185302734e+01,5.010400009155273438e+01,5.358599853515625000e+01,-1.206799983978271484e+01,-1.674999952316284180e+00
1.062899971008300781e+01,3.877899932861328125e+01,5.356399917602539062e+01,-9.487000465393066406e+00,-1.674999952316284180e+00
1.069499969482421875e+01,2.739200019836425781e+01,5.354800033569335938e+01,-6.433000087738037109e+00,-1.674999952316284180e+00
1.073900032043457031e+01,1.610300064086914062e+01,5.353799819946289062e+01,-4.081999778747558594e+00,-1.674999952316284180e+00
1.076000022888183594e+01,5.429999828338623047e+00,5.353300094604492188e+01,-8.569999933242797852e-01,-1.674999952316284180e+00
1.076099967956542969e+01,-4.842000007629394531e+00,5.353300094604492188e+01,1.009999990463256836e+00,-1.674999952316284180e+00
1.074199962615966797e+01,-1.395699977874755859e+01,5.353799819946289062e+01,4.051000118255615234e+00,-1.674999952316284180e+00
1.070499992370605469e+01,-2.245400047302246094e+01,5.354700088500976562e+01,5.281000137329101562e+00,-1.674999952316284180e+00
1.065299987792968750e+01,-2.942200088500976562e+01,5.356000137329101562e+01,7.855000019073486328e+00,-1.674999952316284180e+00
1.058800029754638672e+01,-3.563800048828125000e+01,5.357699966430664062e+01,8.402000427246093750e+00,-1.674999952316284180e+00
1.051200008392333984e+01,-4.014099884033203125e+01,5.359500122070312500e+01,1.032100009918212891e+01,-1.674999952316284180e+00
1.042800045013427734e+01,-4.383499908447265625e+01,5.361600112915039062e+01,1.024499988555908203e+01,-1.674999952316284180e+00
1.033899974822998047e+01,-4.581800079345703125e+01,5.363800048828125000e+01,1.141600036621093750e+01,-1.674999952316284180e+00
1.024600028991699219e+01,-4.700099945068359375e+01,5.365999984741210938e+01,1.085200023651123047e+01,-1.674999952316284180e+00
1.015200042724609375e+01,-4.663700103759765625e+01,5.368199920654296875e+01,1.126599979400634766e+01,-1.674999952316284180e+00
1.006000041961669922e+01,-4.554000091552734375e+01,5.370399856567382812e+01,1.039000034332275391e+01,-1.674999952316284180e+00
9.970999717712402344e+00,-4.318899917602539062e+01,5.372399902343750000e+01,1.010499954223632812e+01,-1.674999952316284180e+00
9.887999534606933594e+00,-4.021200180053710938e+01,5.374399948120117188e+01,9.097999572753906250e+00,-1.674999952316284180e+00
9.810999870300292969e+00,-3.636399841308593750e+01,5.376100158691406250e+01,8.218999862670898438e+00,-1.674999952316284180e+00
9.741999626159667969e+00,-3.202299880981445312e+01,5.377600097656250000e+01,7.238999843597412109e+00,-1.674999952316284180e+00
9.682999610900878906e+00,-2.723299980163574219e+01,5.379000091552734375e+01,5.901000022888183594e+00,-1.674999952316284180e+00
9.633999824523925781e+00,-2.209600067138671875e+01,5.380099868774414062e+01,5.064000129699707031e+00,-1.674999952316284180e+00
9.595000267028808594e+00,-1.692900085449218750e+01,5.380899810791015625e+01,3.421000003814697266e+00,-1.674999952316284180e+00
9.565999984741210938e+00,-1.156099987030029297e+01,5.381499862670898438e+01,2.796000003814697266e+00,-1.674999952316284180e+00
9.548000335693359375e+00,-6.535999774932861328e+00,5.381900024414062500e+01,1.013000011444091797e+00,-1.674999952316284180e+00
9.539999961853027344e+00,-1.445000052452087402e+00,5.382099914550781250e+01,6.230000257492065430e-01,-1.674999952316284180e+00
9.541000366210937500e+00,3.005000114440917969e+00,5.381999969482421875e+01,-1.138000011444091797e+00,-1.674999952316284180e+00
9.552000045776367188e+00,7.401999950408935547e+00,5.381800079345703125e+01,-1.304999947547912598e+00,-1.674999952316284180e+00
9.569999694824218750e+00,1.095800018310546875e+01,5.381399917602539062e+01,-2.890000104904174805e+00,-1.674999952316284180e+00
9.595000267028808594e+00,1.436200046539306641e+01,5.380799865722656250e+01,-2.875000000000000000e+00,-1.674999952316284180e+00
9.626000404357910156e+00,1.683399963378906250e+01,5.380099868774414062e+01,-4.150000095367431641e+00,-1.674999952316284180e+00
9.661999702453613281e+00,1.907299995422363281e+01,5.379299926757812500e+01,-4.006000041961669922e+00,-1.674999952316284180e+00
9.701000213623046875e+00,2.039699935913085938e+01,5.378400039672851562e+01,-4.875000000000000000e+00,-1.674999952316284180e+00
9.743000030517578125e+00,2.142799949645996094e+01,5.377399826049804688e+01,-4.659999847412109375e+00,-1.674999952316284180e+00
9.786000251770019531e+00,2.165299987792968750e+01,5.376499938964843750e+01,-5.065999984741210938e+00,-1.674999952316284180e+00
9.829000473022460938e+00,2.154400062561035156e+01,5.375500106811523438e+01,-4.835999965667724609e+00,-1.674999952316284180e+00
9.871999740600585938e+00,2.081100082397460938e+01,5.374499893188476562e+01,-4.771999835968017578e+00,-1.674999952316284180e+00
9.911999702453613281e+00,1.972299957275390625e+01,5.373600006103515625e+01,-4.572000026702880859e+00,-1.674999952316284180e+00
9.949999809265136719e+00,1.823900032043457031e+01,5.372700119018554688e+01,-4.078000068664550781e+00,-1.674999952316284180e+00
9.984999656677246094e+00,1.639900016784667969e+01,5.371900177001953125e+01,-3.940999984741210938e+00,-1.674999952316284180e+00
1.001500034332275391e+01,1.440799999237060547e+01,5.371200180053710938e+01,-3.098999977111816406e+00,-1.674999952316284180e+00
1.004199981689453125e+01,1.207800006866455078e+01,5.370600128173828125e+01,-3.040999889373779297e+00,-1.674999952316284180e+00
1.006299972534179688e+01,9.831999778747558594e+00,5.370100021362304688e+01,-1.963999986648559570e+00,-1.674999952316284180e+00
1.007999992370605469e+01,7.283999919891357422e+00,5.369699859619140625e+01,-1.985999941825866699e+00,-1.674999952316284180e+00
1.009300041198730469e+01,5.019999980926513672e+00,5.369400024414062500e+01,-8.029999732971191406e-01,-1.674999952316284180e+00
1.010000038146972656e+01,2.510999917984008789e+00,5.369300079345703125e+01,-8.899999856948852539e-01,-1.674999952316284180e+00
1.010299968719482422e+01,4.320000112056732178e-01,5.369200134277343750e+01,2.669999897480010986e-01,-1.674999952316284180e+00
1.010200023651123047e+01,-1.817999958992004395e+00,5.369300079345703125e+01,1.430000066757202148e-01,-1.674999952316284180e+00
1.009599971771240234e+01,-3.558000087738037109e+00,5.369400024414062500e+01,1.154999971389770508e+00,-1.674999952316284180e+00
1.008699989318847656e+01,-5.380000114440917969e+00,5.369599914550781250e+01,1.029000043869018555e+00,-1.674999952316284180e+00
1.007499980926513672e+01,-6.677000045776367188e+00,5.369900131225585938e+01,1.799999952316284180e+00,-1.674999952316284180e+00
1.006000041961669922e+01,-7.962999820709228516e+00,5.370299911499023438e+01,1.707999944686889648e+00,-1.674999952316284180e+00
1.004300022125244141e+01,-8.770000457763671875e+00,5.370600128173828125e+01,2.177000045776367188e+00,-1.674999952316284180e+00
1.002499961853027344e+01,-9.472000122070312500e+00,5.371099853515625000e+01,2.148999929428100586e+00,-1.674999952316284180e+00
1.000599956512451172e+01,-9.793000221252441406e+00,5.371500015258789062e+01,2.288000106811523438e+00,-1.674999952316284180e+00
9.986000061035156250e+00,-9.921999931335449219e+00,5.372000122070312500e+01,2.345999956130981445e+00,-1.674999952316284180e+00
9.965999603271484375e+00,-9.800999641418457031e+00,5.372399902343750000e+01,2.165999889373779297e+00,-1.674999952316284180e+00
9.946999549865722656e+00,-9.418999671936035156e+00,5.372900009155273438e+01,2.315000057220458984e+00,-1.674999952316284180e+00
9.928999900817871094e+00,-8.935000419616699219e+00,5.373300170898437500e+01,1.858000040054321289e+00,-1.674999952316284180e+00
9.911000251770019531e+00,-8.140999794006347656e+00,5.373699951171875000e+01,2.088999986648559570e+00,-1.674999952316284180e+00
9.895999908447265625e+00,-7.389999866485595703e+00,5.374100112915039062e+01,1.422999978065490723e+00,-1.674999952316284180e+00
9.881999969482421875e+00,-6.309999942779541016e+00,5.374399948120117188e+01,1.713000059127807617e+00,-1.674999952316284180e+00
9.869999885559082031e+00,-5.397999763488769531e+00,5.374599838256835938e+01,9.240000247955322266e-01,-1.674999952316284180e+00
9.861000061035156250e+00,-4.165999889373779297e+00,5.374900054931640625e+01,1.235000014305114746e+00,-1.674999952316284180e+00
9.852999687194824219e+00,-3.197999954223632812e+00,5.375000000000000000e+01,4.160000085830688477e-01,-1.674999952316284180e+00
9.847999572753906250e+00,-1.945999979972839355e+00,5.375099945068359375e+01,7.099999785423278809e-01,-1.674999952316284180e+00
9.845000267028808594e+00,-1.011999964714050293e+00,5.375199890136718750e+01,-5.000000074505805969e-02,-1.674999952316284180e+00
9.843999862670898438e+00,1.420000046491622925e-01,5.375199890136718750e+01,1.850000023841857910e-01,-1.674999952316284180e+00
9.845000267028808594e+00,9.660000205039978027e-01,5.375199890136718750e+01,-4.370000064373016357e-01,-1.674999952316284180e+00
9.847999572753906250e+00,1.929000020027160645e+00,5.375099945068359375e+01,-2.960000038146972656e-01,-1.674999952316284180e+00
9.852000236511230469e+00,2.589999914169311523e+00,5.375000000000000000e+01,-7.210000157356262207e-01,-1.674999952316284180e+00
9.857999801635742188e+00,3.296999931335449219e+00,5.374900054931640625e+01,-6.970000267028808594e-01,-1.674999952316284180e+00
9.864999771118164062e+00,3.763999938964843750e+00,5.374700164794921875e+01,-8.920000195503234863e-01,-1.674999952316284180e+00
9.873000144958496094e+00,4.182000160217285156e+00,5.374499893188476562e+01,-9.919999837875366211e-01,-1.674999952316284180e+00
9.880999565124511719e+00,4.445000171661376953e+00,5.374300003051757812e+01,-9.520000219345092773e-01,-1.674999952316284180e+00
9.890000343322753906e+00,4.572000026702880859e+00,5.374100112915039062e+01,-1.167999982833862305e+00,-1.674999952316284180e+00
9.899999618530273438e+00,4.640999794006347656e+00,5.373899841308593750e+01,-9.139999747276306152e-01,-1.674999952316284180e+00
9.909000396728515625e+00,4.501999855041503906e+00,5.373699951171875000e+01,-1.223000049591064453e+00,-1.674999952316284180e+00
9.916999816894531250e+00,4.401000022888183594e+00,5.373500061035156250e+01,-7.960000038146972656e-01,-1.674999952316284180e+00
9.925999641418457031e+00,4.043000221252441406e+00,5.373300170898437500e+01,-1.162999987602233887e+00,-1.674999952316284180e+00
9.934000015258789062e+00,3.805999994277954102e+00,5.373199844360351562e+01,-6.250000000000000000e-01,-1.674999952316284180e+00
9.940999984741210938e+00,3.290999889373779297e+00,5.372999954223632812e+01,-1.006999969482421875e+00,-1.674999952316284180e+00
9.946999549865722656e+00,2.957999944686889648e+00,5.372800064086914062e+01,-4.259999990463256836e-01,-1.674999952316284180e+00
9.951999664306640625e+00,2.354000091552734375e+00,5.372700119018554688e+01,-7.770000100135803223e-01,-1.674999952316284180e+00
9.956000328063964844e+00,1.965000033378601074e+00,5.372600173950195312e+01,-2.230000048875808716e-01,-1.674999952316284180e+00
9.960000038146972656e+00,1.343000054359436035e+00,5.372600173950195312e+01,-5.030000209808349609e-01,-1.674999952316284180e+00
9.961999893188476562e+00,9.359999895095825195e-01,5.372499847412109375e+01,-3.799999877810478210e-02,-1.674999952316284180e+00
9.963000297546386719e+00,3.580000102519989014e-01,5.372499847412109375e+01,-2.129999995231628418e-01,-1.674999952316284180e+00
9.963000297546386719e+00,-3.200000151991844177e-02,5.372499847412109375e+01,1.140000000596046448e-01,-1.674999952316284180e+00
9.963000297546386719e+00,-5.170000195503234863e-01,5.372499847412109375e+01,6.499999761581420898e-02,-1.674999952316284180e+00
9.961000442504882812e+00,-8.629999756813049316e-01,5.372499847412109375e+01,2.240000069141387939e-01,-1.674999952316284180e+00
9.958999633789062500e+00,-1.218000054359436035e+00,5.372600173950195312e+01,3.079999983310699463e-01,-1.674999952316284180e+00
9.956000328063964844e+00,-1.501000046730041504e+00,5.372700119018554688e+01,2.899999916553497314e-01,-1.674999952316284180e+00
9.953000068664550781e+00,-1.707999944686889648e+00,5.372700119018554688e+01,4.950000047683715820e-01,-1.674999952316284180e+00
9.949000358581542969e+00,-1.916000008583068848e+00,5.372800064086914062e+01,3.129999935626983643e-01,-1.674999952316284180e+00
9.944999694824218750e+00,-1.973000049591064453e+00,5.372900009155273438e+01,6.169999837875366211e-01,-1.674999952316284180e+00
9.940999984741210938e+00,-2.099999904632568359e+00,5.372999954223632812e+01,3.000000119209289551e-01,-1.674999952316284180e+00
9.937000274658203125e+00,-2.020999908447265625e+00,5.373099899291992188e+01,6.669999957084655762e-01,-1.674999952316284180e+00
9.932999610900878906e+00,-2.069000005722045898e+00,5.373199844360351562e+01,2.619999945163726807e-01,-1.674999952316284180e+00
9.928999900817871094e+00,-1.878000020980834961e+00,5.373300170898437500e+01,6.489999890327453613e-01,-1.674999952316284180e+00
9.925000190734863281e+00,-1.855000019073486328e+00,5.373400115966796875e+01,2.070000022649765015e-01,-1.674999952316284180e+00
9.920999526977539062e+00,-1.585999965667724609e+00,5.373400115966796875e+01,5.699999928474426270e-01,-1.674999952316284180e+00
9.918000221252441406e+00,-1.500000000000000000e+00,5.373500061035156250e+01,1.469999998807907104e-01,-1.674999952316284180e+00
9.914999961853027344e+00,-1.190999984741210938e+00,5.373600006103515625e+01,4.440000057220458984e-01,-1.674999952316284180e+00
9.913000106811523438e+00,-1.057000041007995605e+00,5.373600006103515625e+01,8.900000154972076416e-02,-1.674999952316284180e+00
9.911000251770019531e+00,-7.419999837875366211e-01,5.373699951171875000e+01,2.870000004768371582e-01,-1.674999952316284180e+00
9.909999847412109375e+00,-5.749999880790710449e-01,5.373699951171875000e+01,3.900000080466270447e-02,-1.674999952316284180e+00
9.909000396728515625e+00,-2.890000045299530029e-01,5.373699951171875000e+01,1.159999966621398926e-01,-1.674999952316284180e+00
9.907999992370605469e+00,-1.030000001192092896e-01,5.373699951171875000e+01,0.000000000000000000e+00,-1.674999952316284180e+00
9.907999992370605469e+00,1.280000060796737671e-01,5.373699951171875000e+01,-5.000000074505805969e-02,-1.674999952316284180e+00
9.909000396728515625e+00,3.179999887943267822e-01,5.373699951171875000e+01,-2.600000053644180298e-02,-1.674999952316284180e+00
9.909000396728515625e+00,4.779999852180480957e-01,5.373699951171875000e+01,-1.969999969005584717e-01,-1.674999952316284180e+00
9.911000251770019531e+00,6.570000052452087402e-01,5.373699951171875000e+01,-4.100000113248825073e-02,-1.674999952316284180e+00
9.911999702453613281e+00,7.379999756813049316e-01,5.373699951171875000e+01,-3.120000064373016357e-01,-1.674999952316284180e+00
9.913000106811523438e+00,8.960000276565551758e-01,5.373600006103515625e+01,-4.800000041723251343e-02,-1.674999952316284180e+00
9.914999961853027344e+00,8.989999890327453613e-01,5.373600006103515625e+01,-3.849999904632568359e-01,-1.674999952316284180e+00
9.916999816894531250e+00,1.024999976158142090e+00,5.373600006103515625e+01,-5.000000074505805969e-02,-1.674999952316284180e+00
9.918999671936035156e+00,9.599999785423278809e-01,5.373500061035156250e+01,-4.149999916553497314e-01,-1.674999952316284180e+00
9.920999526977539062e+00,1.047999978065490723e+00,5.373500061035156250e+01,-5.000000074505805969e-02,-1.674999952316284180e+00
9.923000335693359375e+00,9.309999942779541016e-01,5.373400115966796875e+01,-4.009999930858612061e-01,-1.674999952316284180e+00
9.925000190734863281e+00,9.769999980926513672e-01,5.373400115966796875e+01,-5.099999904632568359e-02,-1.674999952316284180e+00
9.925999641418457031e+00,8.280000090599060059e-01,5.373300170898437500e+01,-3.479999899864196777e-01,-1.674999952316284180e+00
9.928000450134277344e+00,8.309999704360961914e-01,5.373300170898437500e+01,-5.400000140070915222e-02,-1.674999952316284180e+00
9.928999900817871094e+00,6.700000166893005371e-01,5.373300170898437500e+01,-2.669999897480010986e-01,-1.674999952316284180e+00
9.930999755859375000e+00,6.330000162124633789e-01,5.373199844360351562e+01,-5.999999865889549255e-02,-1.674999952316284180e+00
9.932000160217285156e+00,4.790000021457672119e-01,5.373199844360351562e+01,-1.659999936819076538e-01,-1.674999952316284180e+00
9.932000160217285156e+00,4.070000052452087402e-01,5.373199844360351562e+01,-6.700000166893005371e-02,-1.674999952316284180e+00
9.932999610900878906e+00,2.779999971389770508e-01,5.373199844360351562e+01,-5.799999833106994629e-02,-1.674999952316284180e+00
9.932999610900878906e+00,1.780000030994415283e-01,5.373199844360351562e+01,-7.500000298023223877e-02,-1.674999952316284180e+00
9.934000015258789062e+00,8.399999886751174927e-02,5.373199844360351562e+01,4.399999976158142090e-02,-1.674999952316284180e+00
9.934000015258789062e+00,-3.299999982118606567e-02,5.373199844360351562e+01,-7.999999821186065674e-02,-1.674999952316284180e+00
9.932999610900878906e+00,-8.600000292062759399e-02,5.373199844360351562e+01,1.309999972581863403e-01,-1.674999952316284180e+00
9.932999610900878906e+00,-2.099999934434890747e-01,5.373199844360351562e+01,-8.100000023841857910e-02,-1.674999952316284180e+00
9.932999610900878906e+00,-2.210000008344650269e-01,5.373199844360351562e+01,1.949999928474426270e-01,-1.674999952316284180e+00
9.932000160217285156e+00,-3.400000035762786865e-01,5.373199844360351562e+01,-7.500000298023223877e-02,-1.674999952316284180e+00
9.930999755859375000e+00,-3.129999935626983643e-01,5.373199844360351562e+01,2.300000041723251343e-01,-1.674999952316284180e+00
9.930000305175781250e+00,-4.189999997615814209e-01,5.373199844360351562e+01,-6.199999898672103882e-02,-1.674999952316284180e+00
9.928999900817871094e+00,-3.630000054836273193e-01,5.373300170898437500e+01,2.370000034570693970e-01,-1.674999952316284180e+00
9.928999900817871094e+00,-4.449999928474426270e-01,5.373300170898437500e+01,-4.199999943375587463e-02,-1.674999952316284180e+00
9.928000450134277344e+00,-3.709999918937683105e-01,5.373300170898437500e+01,2.150000035762786865e-01,-1.674999952316284180e+00
9.927000045776367188e+00,-4.230000078678131104e-01,5.373300170898437500e+01,-1.600000075995922089e-02,-1.674999952316284180e+00
9.925999641418457031e+00,-3.429999947547912598e-01,5.373300170898437500e+01,1.700000017881393433e-01,-1.674999952316284180e+00
9.925000190734863281e+00,-3.619999885559082031e-01,5.373400115966796875e+01,1.300000026822090149e-02,-1.674999952316284180e+00
9.923999786376953125e+00,-2.870000004768371582e-01,5.373400115966796875e+01,1.080000028014183044e-01,-1.674999952316284180e+00
9.923999786376953125e+00,-2.720000147819519043e-01,5.373400115966796875e+01,4.300000146031379700e-02,-1.674999952316284180e+00
9.923000335693359375e+00,-2.109999954700469971e-01,5.373400115966796875e+01,3.799999877810478210e-02,-1.674999952316284180e+00
9.923000335693359375e+00,-1.650000065565109253e-01,5.373400115966796875e+01,7.000000029802322388e-02,-1.674999952316284180e+00
9.921999931335449219e+00,-1.250000000000000000e-01,5.373400115966796875e+01,-3.099999949336051941e-02,-1.674999952316284180e+00
9.921999931335449219e+00,-5.299999937415122986e-02,5.373400115966796875e+01,9.099999815225601196e-02,-1.674999952316284180e+00
9.921999931335449219e+00,-3.799999877810478210e-02,5.373400115966796875e+01,-9.300000220537185669e-02,-1.674999952316284180e+00
9.921999931335449219e+00,5.200000107288360596e-02,5.373400115966796875e+01,1.030000001192092896e-01,-1.674999952316284180e+00
9.921999931335449219e+00,4.199999943375587463e-02,5.373400115966796875e+01,-1.410000026226043701e-01,-1.674999952316284180e+00
9.921999931335449219e+00,1.420000046491622925e-01,5.373400115966796875e+01,1.040000021457672119e-01,-1.674999952316284180e+00
9.921999931335449219e+00,1.110000014305114746e-01,5.373400115966796875e+01,-1.700000017881393433e-01,-1.674999952316284180e+00
9.923000335693359375e+00,2.099999934434890747e-01,5.373400115966796875e+01,9.399999678134918213e-02,-1.674999952316284180e+00
9.923000335693359375e+00,1.640000045299530029e-01,5.373400115966796875e+01,-1.790000051259994507e-01,-1.674999952316284180e+00
9.923000335693359375e+00,2.529999911785125732e-01,5.373400115966796875e+01,7.199999690055847168e-02,-1.674999952316284180e+00
9.923999786376953125e+00,1.990000009536743164e-01,5.373400115966796875e+01,-1.669999957084655762e-01,-1.674999952316284180e+00
9.923999786376953125e+00,2.700000107288360596e-01,5.373400115966796875e+01,4.199999943375587463e-02,-1.674999952316284180e+00
9.923999786376953125e+00,2.160000056028366089e-01,5.373400115966796875e+01,-1.379999965429306030e-01,-1.674999952316284180e+00
9.925000190734863281e+00,2.619999945163726807e-01,5.373400115966796875e+01,6.000000052154064178e-03,-1.674999952316284180e+00
9.925000190734863281e+00,2.150000035762786865e-01,5.373400115966796875e+01,-9.700000286102294922e-02,-1.674999952316284180e+00
9.925999641418457031e+00,2.349999994039535522e-01,5.373300170898437500e+01,-3.099999949336051941e-02,-1.674999952316284180e+00
9.925999641418457031e+00,2.000000029802322388e-01,5.373300170898437500e+01,-4.800000041723251343e-02,-1.674999952316284180e+00
9.925999641418457031e+00,1.920000016689300537e-01,5.373300170898437500e+01,-6.700000166893005371e-02,-1.674999952316284180e+00
9.927000045776367188e+00,1.739999949932098389e-01,5.373300170898437500e+01,2.000000094994902611e-03,-1.674999952316284180e+00
9.927000045776367188e+00,1.400000005960464478e-01,5.373300170898437500e+01,-9.600000083446502686e-02,-1.674999952316284180e+00
9.927000045776367188e+00,1.400000005960464478e-01,5.373300170898437500e+01,4.699999839067459106e-02,-1.674999952316284180e+00
9.927000045776367188e+00,8.600000292062759399e-02,5.373300170898437500e+01,-1.150000020861625671e-01,-1.674999952316284180e+00
9.927000045776367188e+00,1.030000001192092896e-01,5.373300170898437500e+01,8.200000226497650146e-02,-1.674999952316284180e+00
9.927000045776367188e+00,3.500000014901161194e-02,5.373300170898437500e+01,-1.230000033974647522e-01,-1.674999952316284180e+00
9.927000045776367188e+00,6.400000303983688354e-02,5.373300170898437500e+01,1.040000021457672119e-01,-1.674999952316284180e+00
9.927000045776367188e+00,-8.999999612569808960e-03,5.373300170898437500e+01,-1.190000027418136597e-01,-1.674999952316284180e+00
9.927000045776367188e+00,2.800000086426734924e-02,5.373300170898437500e+01,1.099999994039535522e-01,-1.674999952316284180e+00
9.927000045776367188e+00,-4.300000146031379700e-02,5.373300170898437500e+01,-1.019999980926513672e-01,-1.674999952316284180e+00
9.927000045776367188e+00,-2.000000094994902611e-03,5.373300170898437500e+01,1.019999980926513672e-01,-1.674999952316284180e+00
9.927000045776367188e+00,-6.300000101327896118e-02,5.373300170898437500e+01,-7.599999755620956421e-02,-1.674999952316284180e+00
9.927000045776367188e+00,-2.700000070035457611e-02,5.373300170898437500e+01,7.999999821186065674e-02,-1.674999952316284180e+00
9.927000045776367188e+00,-7.100000232458114624e-02,5.373300170898437500e+01,-4.300000146031379700e-02,-1.674999952316284180e+00
9.925999641418457031e+00,-4.300000146031379700e-02,5.373300170898437500e+01,4.899999871850013733e-02,-1.674999952316284180e+00
9.925999641418457031e+00,-6.599999964237213135e-02,5.373300170898437500e+01,-7.000000216066837311e-03,-1.674999952316284180e+00
9.925999641418457031e+00,-5.099999904632568359e-02,5.373300170898437500e+01,1.200000010430812836e-02,-1.674999952316284180e+00
9.925999641418457031e+00,-5.200000107288360596e-02,5.373300170898437500e+01,2.899999916553497314e-02,-1.674999952316284180e+00
9.925999641418457031e+00,-5.099999904632568359e-02,5.373300170898437500e+01,-2.500000037252902985e-02,-1.674999952316284180e+00
9.925999641418457031e+00,-3.099999949336051941e-02,5.373300170898437500e+01,5.900000035762786865e-02,-1.674999952316284180e+00
9.925000190734863281e+00,-4.500000178813934326e-02,5.373400115966796875e+01,-5.799999833106994629e-02,-1.674999952316284180e+00
9.925000190734863281e+00,-6.000000052154064178e-03,5.373400115966796875e+01,8.100000023841857910e-02,-1.674999952316284180e+00
9.925000190734863281e+00,-3.200000151991844177e-02,5.373400115966796875e+01,-8.399999886751174927e-02,-1.674999952316284180e+00
9.925000190734863281e+00,1.999999955296516418e-02,5.373400115966796875e+01,9.200000017881393433e-02,-1.674999952316284180e+00
9.925000190734863281e+00,-1.600000075995922089e-02,5.373400115966796875e+01,-9.899999946355819702e-02,-1.674999952316284180e+00
9.925000190734863281e+00,4.399999976158142090e-02,5.373400115966796875e+01,9.200000017881393433e-02,-1.674999952316284180e+00
9.925000190734863281e+00,4.000000189989805222e-03,5.373400115966796875e+01,-1.019999980926513672e-01,-1.674999952316284180e+00
9.925000190734863281e+00,6.400000303983688354e-02,5.373400115966796875e+01,7.999999821186065674e-02,-1.674999952316284180e+00
9.925000190734863281e+00,2.400000020861625671e-02,5.373400115966796875e+01,-9.399999678134918213e-02,-1.674999952316284180e+00
9.925000190734863281e+00,7.699999958276748657e-02,5.373400115966796875e+01,5.799999833106994629e-02,-1.674999952316284180e+00
9.925000190734863281e+00,4.300000146031379700e-02,5.373400115966796875e+01,-7.500000298023223877e-02,-1.674999952316284180e+00
9.925000190734863281e+00,8.500000089406967163e-02,5.373400115966796875e+01,2.899999916553497314e-02,-1.674999952316284180e+00
9.925000190734863281e+00,5.999999865889549255e-02,5.373400115966796875e+01,-4.899999871850013733e-02,-1.674999952316284180e+00
9.925000190734863281e+00,8.600000292062759399e-02,5.373400115966796875e+01,-4.000000189989805222e-03,-1.674999952316284180e+00
9.925000190734863281e+00,7.400000095367431641e-02,5.373400115966796875e+01,-1.799999922513961792e-02,-1.674999952316284180e+00
9.925000190734863281e+00,8.100000023841857910e-02,5.373400115966796875e+01,-3.599999845027923584e-02,-1.674999952316284180e+00
9.925000190734863281e+00,8.399999886751174927e-02,5.373300170898437500e+01,1.300000026822090149e-02,-1.674999952316284180e+00
9.925999641418457031e+00,7.299999892711639404e-02,5.373300170898437500e+01,-6.499999761581420898e-02,-1.674999952316284180e+00
9.925999641418457031e+00,8.799999952316284180e-02,5.373300170898437500e+01,3.999999910593032837e-02,-1.674999952316284180e+00
9.925999641418457031e+00,6.100000068545341492e-02,5.373300170898437500e+01,-8.699999749660491943e-02,-1.674999952316284180e+00
9.925999641418457031e+00,8.900000154972076416e-02,5.373300170898437500e+01,5.999999865889549255e-02,-1.674999952316284180e+00
9.925999641418457031e+00,4.899999871850013733e-02,5.373300170898437500e+01,-1.000000014901161194e-01,-1.674999952316284180e+00
9.925999641418457031e+00,8.399999886751174927e-02,5.373300170898437500e+01,7.199999690055847168e-02,-1.674999952316284180e+00
9.925999641418457031e+00,3.700000047683715820e-02,5.373300170898437500e+01,-1.030000001192092896e-01,-1.674999952316284180e+00
9.925999641418457031e+00,7.599999755620956421e-02,5.373300170898437500e+01,7.400000095367431641e-02,-1.674999952316284180e+00
9.925999641418457031e+00,2.800000086426734924e-02,5.373300170898437500e+01,-9.499999880790710449e-02,-1.674999952316284180e+00
9.925999641418457031e+00,6.599999964237213135e-02,5.373300170898437500e+01,6.599999964237213135e-02,-1.674999952316284180e+00
9.925999641418457031e+00,2.099999971687793732e-02,5.373300170898437500e+01,-7.800000160932540894e-02,-1.674999952316284180e+00
9.925999641418457031e+00,5.299999937415122986e-02,5.373300170898437500e+01,4.899999871850013733e-02,-1.674999952316284180e+00
9.925999641418457031e+00,1.700000092387199402e-02,5.373300170898437500e+01,-5.499999970197677612e-02,-1.674999952316284180e+00
9.925999641418457031e+00,3.999999910593032837e-02,5.373300170898437500e+01,2.600000053644180298e-02,-1.674999952316284180e+00
9.925999641418457031e+00,1.600000075995922089e-02,5.373300170898437500e+01,-2.700000070035457611e-02,-1.674999952316284180e+00
9.925999641418457031e+00,2.800000086426734924e-02,5.373300170898437500e+01,0.000000000000000000e+00,-1.674999952316284180e+00
9.925999641418457031e+00,1.799999922513961792e-02,5.373300170898437500e+01,2.000000094994902611e-03,-1.674999952316284180e+00
9.925999641418457031e+00,1.700000092387199402e-02,5.373300170898437500e+01,-2.500000037252902985e-02,-1.674999952316284180e+00
9.923999786376953125e+00,-2.134999990463256836e+00,5.373600006103515625e+01,2.082999944686889648e+00,-1.615000009536743164e+00
9.911999702453613281e+00,-9.414999961853027344e+00,5.374200057983398438e+01,4.146999835968017578e+00,-1.555999994277954102e+00
9.881999969482421875e+00,-2.070199966430664062e+01,5.375400161743164062e+01,8.027000427246093750e+00,-1.496000051498413086e+00
9.826999664306640625e+00,-3.376699829101562500e+01,5.377099990844726562e+01,9.296999931335449219e+00,-1.496000051498413086e+00
9.748999595642089844e+00,-4.438399887084960938e+01,5.379299926757812500e+01,1.211299991607666016e+01,-1.496000051498413086e+00
9.651000022888183594e+00,-5.354000091552734375e+01,5.381700134277343750e+01,1.260799980163574219e+01,-1.496000051498413086e+00
9.536999702453613281e+00,-6.018999862670898438e+01,5.384500122070312500e+01,1.451700019836425781e+01,-1.496000051498413086e+00
9.411999702453613281e+00,-6.529499816894531250e+01,5.387400054931640625e+01,1.448200035095214844e+01,-1.496000051498413086e+00
9.277999877929687500e+00,-6.810399627685546875e+01,5.390299987792968750e+01,1.522900009155273438e+01,-1.496000051498413086e+00
9.140999794006347656e+00,-6.933899688720703125e+01,5.393399810791015625e+01,1.482999992370605469e+01,-1.496000051498413086e+00
9.003000259399414062e+00,-6.867299652099609375e+01,5.396300125122070312e+01,1.444200038909912109e+01,-1.496000051498413086e+00
8.866999626159667969e+00,-6.649700164794921875e+01,5.399100112915039062e+01,1.385799980163574219e+01,-1.496000051498413086e+00
8.737999916076660156e+00,-6.293700027465820312e+01,5.401699829101562500e+01,1.250199985504150391e+01,-1.496000051498413086e+00
8.616999626159667969e+00,-5.802700042724609375e+01,5.404199981689453125e+01,1.189500045776367188e+01,-1.496000051498413086e+00
8.505999565124511719e+00,-5.231399917602539062e+01,5.406399917602539062e+01,9.810999870300292969e+00,-1.496000051498413086e+00
8.409000396728515625e+00,-4.549300003051757812e+01,5.408300018310546875e+01,9.289999961853027344e+00,-1.496000051498413086e+00
8.324999809265136719e+00,-3.844800186157226562e+01,5.409899902343750000e+01,6.750000000000000000e+00,-1.496000051498413086e+00
8.255000114440917969e+00,-3.059199905395507812e+01,5.411199951171875000e+01,6.359000205993652344e+00,-1.496000051498413086e+00
8.201999664306640625e+00,-2.303700065612792969e+01,5.412200164794921875e+01,3.641000032424926758e+00,-1.496000051498413086e+00
8.163999557495117188e+00,-1.499600028991699219e+01,5.412900161743164062e+01,3.367000102996826172e+00,-1.496000051498413086e+00
8.140999794006347656e+00,-7.678999900817871094e+00,5.413299942016601562e+01,7.340000271797180176e-01,-1.496000051498413086e+00
8.133000373840332031e+00,-2.049999982118606567e-01,5.413399887084960938e+01,5.260000228881835938e-01,-1.496000051498413086e+00
8.138999938964843750e+00,6.252999782562255859e+00,5.413299942016601562e+01,-1.786999940872192383e+00,-1.496000051498413086e+00
8.157999992370605469e+00,1.256200027465820312e+01,5.412900161743164062e+01,-1.991999983787536621e+00,-1.496000051498413086e+00
8.187999725341796875e+00,1.770899963378906250e+01,5.412300109863281250e+01,-3.790999889373779297e+00,-1.496000051498413086e+00
8.227999687194824219e+00,2.244000053405761719e+01,5.411600112915039062e+01,-4.047999858856201172e+00,-1.496000051498413086e+00
8.276000022888183594e+00,2.600799942016601562e+01,5.410699844360351562e+01,-5.197000026702880859e+00,-1.496000051498413086e+00
8.331000328063964844e+00,2.894400024414062500e+01,5.409600067138671875e+01,-5.538000106811523438e+00,-1.496000051498413086e+00
8.390999794006347656e+00,3.084700012207031250e+01,5.408399963378906250e+01,-5.967000007629394531e+00,-1.496000051498413086e+00
8.454000473022460938e+00,3.196400070190429688e+01,5.407199859619140625e+01,-6.394999980926513672e+00,-1.496000051498413086e+00
8.517999649047851562e+00,3.227600097656250000e+01,5.405899810791015625e+01,-6.111999988555908203e+00,-1.496000051498413086e+00
8.581999778747558594e+00,3.171699905395507812e+01,5.404700088500976562e+01,-6.605999946594238281e+00,-1.496000051498413086e+00
8.644000053405761719e+00,3.064299964904785156e+01,5.403499984741210938e+01,-5.690000057220458984e+00,-1.496000051498413086e+00
8.703000068664550781e+00,2.868199920654296875e+01,5.402299880981445312e+01,-6.208000183105468750e+00,-1.496000051498413086e+00
8.758000373840332031e+00,2.651700019836425781e+01,5.401200103759765625e+01,-4.806000232696533203e+00,-1.496000051498413086e+00
8.807999610900878906e+00,2.352099990844726562e+01,5.400199890136718750e+01,-5.295000076293945312e+00,-1.496000051498413086e+00
8.852000236511230469e+00,2.061199951171875000e+01,5.399300003051757812e+01,-3.598000049591064453e+00,-1.496000051498413086e+00
8.890000343322753906e+00,1.699099922180175781e+01,5.398500061035156250e+01,-4.002999782562255859e+00,-1.496000051498413086e+00
8.920000076293945312e+00,1.369699954986572266e+01,5.397900009155273438e+01,-2.223999977111816406e+00,-1.496000051498413086e+00
8.944000244140625000e+00,9.864000320434570312e+00,5.397399902343750000e+01,-2.493999958038330078e+00,-1.496000051498413086e+00
8.960000038146972656e+00,6.525000095367431641e+00,5.397100067138671875e+01,-8.399999737739562988e-01,-1.496000051498413086e+00
8.968999862670898438e+00,2.857000112533569336e+00,5.396900177001953125e+01,-9.359999895095825195e-01,-1.496000051498413086e+00
8.972000122070312500e+00,-2.349999994039535522e-01,5.396900177001953125e+01,4.129999876022338867e-01,-1.496000051498413086e+00
8.968000411987304688e+00,-3.424000024795532227e+00,5.396900177001953125e+01,5.170000195503234863e-01,-1.496000051498413086e+00
8.958999633789062500e+00,-6.039999961853027344e+00,5.397100067138671875e+01,1.430999994277954102e+00,-1.496000051498413086e+00
8.944000244140625000e+00,-8.522999763488769531e+00,5.397499847412109375e+01,1.741000056266784668e+00,-1.496000051498413086e+00
8.925000190734863281e+00,-1.050800037384033203e+01,5.397800064086914062e+01,2.148999929428100586e+00,-1.496000051498413086e+00
8.902000427246093750e+00,-1.215100002288818359e+01,5.398300170898437500e+01,2.651000022888183594e+00,-1.496000051498413086e+00
8.876999855041503906e+00,-1.342599964141845703e+01,5.398899841308593750e+01,2.548000097274780273e+00,-1.496000051498413086e+00
8.848999977111816406e+00,-1.418999958038330078e+01,5.399399948120117188e+01,3.203999996185302734e+00,-1.496000051498413086e+00
8.819999694824218750e+00,-1.474699974060058594e+01,5.400000000000000000e+01,2.641999959945678711e+00,-1.496000051498413086e+00
8.789999961853027344e+00,-1.468000030517578125e+01,5.400600051879882812e+01,3.397000074386596680e+00,-1.496000051498413086e+00
8.760999679565429688e+00,-1.457299995422363281e+01,5.401200103759765625e+01,2.479000091552734375e+00,-1.496000051498413086e+00
8.732999801635742188e+00,-1.379199981689453125e+01,5.401800155639648438e+01,3.259000062942504883e+00,-1.496000051498413086e+00
8.706000328063964844e+00,-1.312199974060058594e+01,5.402299880981445312e+01,2.121000051498413086e+00,-1.496000051498413086e+00
8.680999755859375000e+00,-1.179699993133544922e+01,5.402799987792968750e+01,2.844000101089477539e+00,-1.496000051498413086e+00
8.657999992370605469e+00,-1.069900035858154297e+01,5.403300094604492188e+01,1.639000058174133301e+00,-1.496000051498413086e+00
8.637999534606933594e+00,-9.026000022888183594e+00,5.403699874877929688e+01,2.223999977111816406e+00,-1.496000051498413086e+00
8.621000289916992188e+00,-7.651999950408935547e+00,5.404000091552734375e+01,1.100000023841857910e+00,-1.496000051498413086e+00
8.607999801635742188e+00,-5.834000110626220703e+00,5.404299926757812500e+01,1.476999998092651367e+00,-1.496000051498413086e+00
8.597999572753906250e+00,-4.336999893188476562e+00,5.404499816894531250e+01,5.630000233650207520e-01,-1.496000051498413086e+00
8.590999603271484375e+00,-2.565999984741210938e+00,5.404600143432617188e+01,6.830000281333923340e-01,-1.496000051498413086e+00
8.586999893188476562e+00,-1.087000012397766113e+00,5.404700088500976562e+01,7.500000298023223877e-02,-1.496000051498413086e+00
8.586000442504882812e+00,4.779999852180480957e-01,5.404700088500976562e+01,-8.200000226497650146e-02,-1.496000051498413086e+00
8.588000297546386719e+00,1.819000005722045898e+00,5.404600143432617188e+01,-3.310000002384185791e-01,-1.496000051498413086e+00
8.593000411987304688e+00,3.056999921798706055e+00,5.404499816894531250e+01,-7.549999952316284180e-01,-1.496000051498413086e+00
8.600000381469726562e+00,4.168000221252441406e+00,5.404399871826171875e+01,-6.370000243186950684e-01,-1.496000051498413086e+00
8.609999656677246094e+00,5.006000041961669922e+00,5.404199981689453125e+01,-1.282999992370605469e+00,-1.496000051498413086e+00
8.619999885559082031e+00,5.828000068664550781e+00,5.404000091552734375e+01,-8.360000252723693848e-01,-1.496000051498413086e+00
8.631999969482421875e+00,6.241000175476074219e+00,5.403699874877929688e+01,-1.634999990463256836e+00,-1.496000051498413086e+00
8.645000457763671875e+00,6.743999958038330078e+00,5.403499984741210938e+01,-9.319999814033508301e-01,-1.496000051498413086e+00
8.659000396728515625e+00,6.751999855041503906e+00,5.403200149536132812e+01,-1.794000029563903809e+00,-1.496000051498413086e+00
8.671999931335449219e+00,6.936999797821044922e+00,5.402899932861328125e+01,-9.380000233650207520e-01,-1.496000051498413086e+00
8.685999870300292969e+00,6.596000194549560547e+00,5.402700042724609375e+01,-1.766999959945678711e+00,-1.496000051498413086e+00
8.699000358581542969e+00,6.487999916076660156e+00,5.402399826049804688e+01,-8.719999790191650391e-01,-1.496000051498413086e+00
8.711000442504882812e+00,5.880000114440917969e+00,5.402199935913085938e+01,-1.572999954223632812e+00,-1.496000051498413086e+00
8.722000122070312500e+00,5.525000095367431641e+00,5.401900100708007812e+01,-7.519999742507934570e-01,-1.496000051498413086e+00
8.732000350952148438e+00,4.748000144958496094e+00,5.401699829101562500e+01,-1.248999953269958496e+00,-1.496000051498413086e+00
8.741000175476074219e+00,4.203000068664550781e+00,5.401599884033203125e+01,-6.010000109672546387e-01,-1.496000051498413086e+00
8.748999595642089844e+00,3.357000112533569336e+00,5.401399993896484375e+01,-8.389999866485595703e-01,-1.496000051498413086e+00
8.755000114440917969e+00,2.690000057220458984e+00,5.401300048828125000e+01,-4.350000023841857910e-01,-1.496000051498413086e+00
8.758999824523925781e+00,1.868999958038330078e+00,5.401200103759765625e+01,-3.919999897480010986e-01,-1.496000051498413086e+00
8.762000083923339844e+00,1.146000027656555176e+00,5.401100158691406250e+01,-2.720000147819519043e-01,-1.496000051498413086e+00
8.763999938964843750e+00,4.280000030994415283e-01,5.401100158691406250e+01,4.399999976158142090e-02,-1.496000051498413086e+00
8.763999938964843750e+00,-2.860000133514404297e-01,5.401100158691406250e+01,-1.220000013709068298e-01,-1.496000051498413086e+00
8.762999534606933594e+00,-8.450000286102294922e-01,5.401100158691406250e+01,4.269999861717224121e-01,-1.496000051498413086e+00
8.760000228881835938e+00,-1.493999958038330078e+00,5.401200103759765625e+01,8.999999612569808960e-03,-1.496000051498413086e+00
8.756999969482421875e+00,-1.860999941825866699e+00,5.401300048828125000e+01,7.229999899864196777e-01,-1.496000051498413086e+00
8.751999855041503906e+00,-2.400000095367431641e+00,5.401399993896484375e+01,1.169999986886978149e-01,-1.496000051498413086e+00
8.746999740600585938e+00,-2.566999912261962891e+00,5.401499938964843750e+01,9.129999876022338867e-01,-1.496000051498413086e+00
8.741999626159667969e+00,-2.963000059127807617e+00,5.401599884033203125e+01,2.029999941587448120e-01,-1.496000051498413086e+00
8.736000061035156250e+00,-2.944000005722045898e+00,5.401699829101562500e+01,9.860000014305114746e-01,-1.496000051498413086e+00
8.729999542236328125e+00,-3.180000066757202148e+00,5.401800155639648438e+01,2.669999897480010986e-01,-1.496000051498413086e+00
8.722999572753906250e+00,-3.005000114440917969e+00,5.402000045776367188e+01,9.490000009536743164e-01,-1.496000051498413086e+00
8.717000007629394531e+00,-3.078000068664550781e+00,5.402099990844726562e+01,3.109999895095825195e-01,-1.496000051498413086e+00
8.711000442504882812e+00,-2.790999889373779297e+00,5.402199935913085938e+01,8.159999847412109375e-01,-1.496000051498413086e+00
8.706000328063964844e+00,-2.709000110626220703e+00,5.402299880981445312e+01,3.379999995231628418e-01,-1.496000051498413086e+00
8.699999809265136719e+00,-2.357000112533569336e+00,5.402399826049804688e+01,6.110000014305114746e-01,-1.496000051498413086e+00
8.696000099182128906e+00,-2.142999887466430664e+00,5.402500152587890625e+01,3.479999899864196777e-01,-1.496000051498413086e+00
8.692000389099121094e+00,-1.774999976158142090e+00,5.402600097656250000e+01,3.619999885559082031e-01,-1.496000051498413086e+00
8.689000129699707031e+00,-1.457999944686889648e+00,5.402600097656250000e+01,3.409999907016754150e-01,-1.496000051498413086e+00
8.685999870300292969e+00,-1.115000009536743164e+00,5.402700042724609375e+01,1.000000014901161194e-01,-1.496000051498413086e+00
8.684000015258789062e+00,-7.310000061988830566e-01,5.402700042724609375e+01,3.170000016689300537e-01,-1.496000051498413086e+00
8.682999610900878906e+00,-4.460000097751617432e-01,5.402700042724609375e+01,-1.449999958276748657e-01,-1.496000051498413086e+00
8.682000160217285156e+00,-3.299999982118606567e-02,5.402799987792968750e+01,2.750000059604644775e-01,-1.496000051498413086e+00
8.682000160217285156e+00,1.710000038146972656e-01,5.402799987792968750e+01,-3.490000069141387939e-01,-1.496000051498413086e+00
8.682999610900878906e+00,5.749999880790710449e-01,5.402700042724609375e+01,2.160000056028366089e-01,-1.496000051498413086e+00
8.684000015258789062e+00,6.909999847412109375e-01,5.402700042724609375e+01,-4.939999878406524658e-01,-1.496000051498413086e+00
8.685999870300292969e+00,1.052000045776367188e+00,5.402700042724609375e+01,1.410000026226043701e-01,-1.496000051498413086e+00
8.687999725341796875e+00,1.080999970436096191e+00,5.402600097656250000e+01,-5.690000057220458984e-01,-1.496000051498413086e+00
8.689999580383300781e+00,1.371000051498413086e+00,5.402600097656250000e+01,5.499999970197677612e-02,-1.496000051498413086e+00
8.692999839782714844e+00,1.327000021934509277e+00,5.402500152587890625e+01,-5.740000009536743164e-01,-1.496000051498413086e+00
8.696000099182128906e+00,1.524999976158142090e+00,5.402500152587890625e+01,-3.799999877810478210e-02,-1.496000051498413086e+00
8.697999954223632812e+00,1.427000045776367188e+00,5.402399826049804688e+01,-5.130000114440917969e-01,-1.496000051498413086e+00
8.701000213623046875e+00,1.523000001907348633e+00,5.402399826049804688e+01,-1.309999972581863403e-01,-1.496000051498413086e+00
8.704000473022460938e+00,1.393000006675720215e+00,5.402299880981445312e+01,-4.000000059604644775e-01,-1.496000051498413086e+00
8.706999778747558594e+00,1.384999990463256836e+00,5.402299880981445312e+01,-2.150000035762786865e-01,-1.496000051498413086e+00
8.708999633789062500e+00,1.246999979019165039e+00,5.402199935913085938e+01,-2.540000081062316895e-01,-1.496000051498413086e+00
8.711999893188476562e+00,1.143000006675720215e+00,5.402199935913085938e+01,-2.840000092983245850e-01,-1.496000051498413086e+00
8.713999748229980469e+00,1.016000032424926758e+00,5.402099990844726562e+01,-9.300000220537185669e-02,-1.496000051498413086e+00
8.715999603271484375e+00,8.339999914169311523e-01,5.402099990844726562e+01,-3.289999961853027344e-01,-1.496000051498413086e+00
8.717000007629394531e+00,7.329999804496765137e-01,5.402099990844726562e+01,6.199999898672103882e-02,-1.496000051498413086e+00
8.718000411987304688e+00,4.950000047683715820e-01,5.402000045776367188e+01,-3.459999859333038330e-01,-1.496000051498413086e+00
8.718999862670898438e+00,4.300000071525573730e-01,5.402000045776367188e+01,1.930000036954879761e-01,-1.496000051498413086e+00
8.720000267028808594e+00,1.609999984502792358e-01,5.402000045776367188e+01,-3.319999873638153076e-01,-1.496000051498413086e+00
8.720000267028808594e+00,1.330000013113021851e-01,5.402000045776367188e+01,2.879999876022338867e-01,-1.496000051498413086e+00
8.720000267028808594e+00,-1.369999945163726807e-01,5.402000045776367188e+01,-2.870000004768371582e-01,-1.496000051498413086e+00
8.718999862670898438e+00,-1.309999972581863403e-01,5.402000045776367188e+01,3.370000123977661133e-01,-1.496000051498413086e+00
8.718999862670898438e+00,-3.770000040531158447e-01,5.402000045776367188e+01,-2.160000056028366089e-01,-1.496000051498413086e+00
8.718000411987304688e+00,-3.449999988079071045e-01,5.402000045776367188e+01,3.379999995231628418e-01,-1.496000051498413086e+00
8.717000007629394531e+00,-5.450000166893005371e-01,5.402099990844726562e+01,-1.250000000000000000e-01,-1.496000051498413086e+00
8.715999603271484375e+00,-4.979999959468841553e-01,5.402099990844726562e+01,2.960000038146972656e-01,-1.496000051498413086e+00
8.715000152587890625e+00,-6.340000033378601074e-01,5.402099990844726562e+01,-2.300000004470348358e-02,-1.496000051498413086e+00
8.713000297546386719e+00,-5.849999785423278809e-01,5.402099990844726562e+01,2.189999967813491821e-01,-1.496000051498413086e+00
8.711999893188476562e+00,-6.489999890327453613e-01,5.402199935913085938e+01,7.900000363588333130e-02,-1.496000051498413086e+00
8.711000442504882812e+00,-6.069999933242797852e-01,5.402199935913085938e+01,1.190000027418136597e-01,-1.496000051498413086e+00
8.708999633789062500e+00,-5.970000028610229492e-01,5.402199935913085938e+01,1.720000058412551880e-01,-1.496000051498413086e+00
8.708000183105468750e+00,-5.720000267028808594e-01,5.402199935913085938e+01,1.099999994039535522e-02,-1.496000051498413086e+00
8.706999778747558594e+00,-4.930000007152557373e-01,5.402299880981445312e+01,2.460000067949295044e-01,-1.496000051498413086e+00
8.706000328063964844e+00,-4.889999926090240479e-01,5.402299880981445312e+01,-9.200000017881393433e-02,-1.496000051498413086e+00
8.704999923706054688e+00,-3.549999892711639404e-01,5.402299880981445312e+01,2.919999957084655762e-01,-1.496000051498413086e+00
8.704000473022460938e+00,-3.720000088214874268e-01,5.402299880981445312e+01,-1.759999990463256836e-01,-1.496000051498413086e+00
8.704000473022460938e+00,-2.000000029802322388e-01,5.402299880981445312e+01,3.059999942779541016e-01,-1.496000051498413086e+00
8.703000068664550781e+00,-2.349999994039535522e-01,5.402299880981445312e+01,-2.319999933242797852e-01,-1.496000051498413086e+00
8.703000068664550781e+00,-4.500000178813934326e-02,5.402299880981445312e+01,2.860000133514404297e-01,-1.496000051498413086e+00
8.703000068664550781e+00,-9.099999815225601196e-02,5.402399826049804688e+01,-2.549999952316284180e-01,-1.496000051498413086e+00
8.701999664306640625e+00,9.499999880790710449e-02,5.402399826049804688e+01,2.360000014305114746e-01,-1.496000051498413086e+00
8.701999664306640625e+00,4.500000178813934326e-02,5.402399826049804688e+01,-2.440000027418136597e-01,-1.496000051498413086e+00
8.703000068664550781e+00,2.080000042915344238e-01,5.402299880981445312e+01,1.599999964237213135e-01,-1.496000051498413086e+00
8.703000068664550781e+00,1.650000065565109253e-01,5.402299880981445312e+01,-2.020000070333480835e-01,-1.496000051498413086e+00
8.703000068664550781e+00,2.879999876022338867e-01,5.402299880981445312e+01,6.700000166893005371e-02,-1.496000051498413086e+00
8.704000473022460938e+00,2.590000033378601074e-01,5.402299880981445312e+01,-1.360000073909759521e-01,-1.496000051498413086e+00
8.704000473022460938e+00,3.330000042915344238e-01,5.402299880981445312e+01,-3.099999949336051941e-02,-1.496000051498413086e+00
8.704999923706054688e+00,3.240000009536743164e-01,5.402299880981445312e+01,-5.600000172853469849e-02,-1.496000051498413086e+00
8.704999923706054688e+00,3.420000076293945312e-01,5.402299880981445312e+01,-1.250000000000000000e-01,-1.496000051498413086e+00
8.706000328063964844e+00,3.569999933242797852e-01,5.402299880981445312e+01,2.700000070035457611e-02,-1.496000051498413086e+00
8.706999778747558594e+00,3.210000097751617432e-01,5.402299880981445312e+01,-2.049999982118606567e-01,-1.496000051498413086e+00
8.706999778747558594e+00,3.580000102519989014e-01,5.402299880981445312e+01,1.019999980926513672e-01,-1.496000051498413086e+00
8.708000183105468750e+00,2.759999930858612061e-01,5.402299880981445312e+01,-2.599999904632568359e-01,-1.496000051498413086e+00
8.708000183105468750e+00,3.330000042915344238e-01,5.402199935913085938e+01,1.599999964237213135e-01,-1.496000051498413086e+00
8.708999633789062500e+00,2.160000056028366089e-01,5.402199935913085938e+01,-2.870000004768371582e-01,-1.496000051498413086e+00
8.708999633789062500e+00,2.849999964237213135e-01,5.402199935913085938e+01,1.930000036954879761e-01,-1.496000051498413086e+00
8.710000038146972656e+00,1.480000019073486328e-01,5.402199935913085938e+01,-2.809999883174896240e-01,-1.496000051498413086e+00
8.710000038146972656e+00,2.210000008344650269e-01,5.402199935913085938e+01,1.990000009536743164e-01,-1.496000051498413086e+00
8.710000038146972656e+00,8.200000226497650146e-02,5.402199935913085938e+01,-2.460000067949295044e-01,-1.496000051498413086e+00
8.710000038146972656e+00,1.480000019073486328e-01,5.402199935913085938e+01,1.780000030994415283e-01,-1.496000051498413086e+00
8.710000038146972656e+00,2.199999988079071045e-02,5.402199935913085938e+01,-1.860000044107437134e-01,-1.496000051498413086e+00
8.710000038146972656e+00,7.400000095367431641e-02,5.402199935913085938e+01,1.330000013113021851e-01,-1.496000051498413086e+00
8.710000038146972656e+00,-2.500000037252902985e-02,5.402199935913085938e+01,-1.070000007748603821e-01,-1.496000051498413086e+00
8.710000038146972656e+00,4.999999888241291046e-03,5.402199935913085938e+01,7.100000232458114624e-02,-1.496000051498413086e+00
8.710000038146972656e+00,-5.799999833106994629e-02,5.402199935913085938e+01,-1.999999955296516418e-02,-1.496000051498413086e+00
8.710000038146972656e+00,-5.400000140070915222e-02,5.402199935913085938e+01,0.000000000000000000e+00,-1.496000051498413086e+00
8.710000038146972656e+00,-7.500000298023223877e-02,5.402199935913085938e+01,6.499999761581420898e-02,-1.496000051498413086e+00
8.708999633789062500e+00,-9.899999946355819702e-02,5.402199935913085938e+01,-7.000000029802322388e-02,-1.496000051498413086e+00
8.708999633789062500e+00,-7.800000160932540894e-02,5.402199935913085938e+01,1.389999985694885254e-01,-1.496000051498413086e+00
8.708999633789062500e+00,-1.270000040531158447e-01,5.402199935913085938e+01,-1.299999952316284180e-01,-1.496000051498413086e+00
8.708999633789062500e+00,-6.899999827146530151e-02,5.402199935913085938e+01,1.930000036954879761e-01,-1.496000051498413086e+00
8.708000183105468750e+00,-1.369999945163726807e-01,5.402199935913085938e+01,-1.729999929666519165e-01,-1.496000051498413086e+00
8.708000183105468750e+00,-5.099999904632568359e-02,5.402199935913085938e+01,2.230000048875808716e-01,-1.496000051498413086e+00
8.708000183105468750e+00,-1.299999952316284180e-01,5.402299880981445312e+01,-1.940000057220458984e-01,-1.496000051498413086e+00
8.708000183105468750e+00,-2.700000070035457611e-02,5.402299880981445312e+01,2.240000069141387939e-01,-1.496000051498413086e+00
8.706999778747558594e+00,-1.089999973773956299e-01,5.402299880981445312e+01,-1.909999996423721313e-01,-1.496000051498413086e+00
8.706999778747558594e+00,-2.000000094994902611e-03,5.402299880981445312e+01,1.979999989271163940e-01,-1.496000051498413086e+00
8.706999778747558594e+00,-7.500000298023223877e-02,5.402299880981445312e+01,-1.650000065565109253e-01,-1.496000051498413086e+00
8.706999778747558594e+00,2.099999971687793732e-02,5.402299880981445312e+01,1.480000019073486328e-01,-1.496000051498413086e+00
8.706999778747558594e+00,-3.500000014901161194e-02,5.402299880981445312e+01,-1.180000007152557373e-01,-1.496000051498413086e+00
8.706999778747558594e+00,4.100000113248825073e-02,5.402299880981445312e+01,8.200000226497650146e-02,-1.496000051498413086e+00
8.706999778747558594e+00,8.999999612569808960e-03,5.402299880981445312e+01,-5.900000035762786865e-02,-1.496000051498413086e+00
8.706999778747558594e+00,5.600000172853469849e-02,5.402299880981445312e+01,7.000000216066837311e-03,-1.496000051498413086e+00
8.706999778747558594e+00,5.099999904632568359e-02,5.402299880981445312e+01,6.000000052154064178e-03,-1.496000051498413086e+00
8.706999778747558594e+00,6.499999761581420898e-02,5.402299880981445312e+01,-6.700000166893005371e-02,-1.496000051498413086e+00
8.706999778747558594e+00,8.900000154972076416e-02,5.402299880981445312e+01,6.800000369548797607e-02,-1.496000051498413086e+00
8.706999778747558594e+00,6.899999827146530151e-02,5.402299880981445312e+01,-1.330000013113021851e-01,-1.496000051498413086e+00
8.706999778747558594e+00,1.180000007152557373e-01,5.402299880981445312e+01,1.199999973177909851e-01,-1.496000051498413086e+00
8.706999778747558594e+00,6.899999827146530151e-02,5.402299880981445312e+01,-1.809999942779541016e-01,-1.496000051498413086e+00
8.706999778747558594e+00,1.369999945163726807e-01,5.402299880981445312e+01,1.550000011920928955e-01,-1.496000051498413086e+00
8.706999778747558594e+00,6.599999964237213135e-02,5.402299880981445312e+01,-2.080000042915344238e-01,-1.496000051498413086e+00
8.708000183105468750e+00,1.449999958276748657e-01,5.402299880981445312e+01,1.689999997615814209e-01,-1.496000051498413086e+00
8.708000183105468750e+00,6.100000068545341492e-02,5.402299880981445312e+01,-2.109999954700469971e-01,-1.496000051498413086e+00
8.708000183105468750e+00,1.420000046491622925e-01,5.402299880981445312e+01,1.620000004768371582e-01,-1.496000051498413086e+00
8.708000183105468750e+00,5.499999970197677612e-02,5.402299880981445312e+01,-1.899999976158142090e-01,-1.496000051498413086e+00
8.708000183105468750e+00,1.289999932050704956e-01,5.402199935913085938e+01,1.330000013113021851e-01,-1.496000051498413086e+00
8.708000183105468750e+00,5.099999904632568359e-02,5.402199935913085938e+01,-1.480000019073486328e-01,-1.496000051498413086e+00
8.708000183105468750e+00,1.080000028014183044e-01,5.402199935913085938e+01,8.799999952316284180e-02,-1.496000051498413086e+00
8.708000183105468750e+00,4.800000041723251343e-02,5.402199935913085938e+01,-9.099999815225601196e-02,-1.496000051498413086e+00
8.708000183105468750e+00,8.200000226497650146e-02,5.402199935913085938e+01,3.200000151991844177e-02,-1.496000051498413086e+00
8.708000183105468750e+00,4.600000008940696716e-02,5.402199935913085938e+01,-2.700000070035457611e-02,-1.496000051498413086e+00
8.708000183105468750e+00,5.400000140070915222e-02,5.402199935913085938e+01,-2.800000086426734924e-02,-1.496000051498413086e+00
8.708000183105468750e+00,4.600000008940696716e-02,5.402199935913085938e+01,3.799999877810478210e-02,-1.496000051498413086e+00
8.708000183105468750e+00,2.600000053644180298e-02,5.402199935913085938e+01,-8.399999886751174927e-02,-1.496000051498413086e+00
8.708000183105468750e+00,4.699999839067459106e-02,5.402199935913085938e+01,9.499999880790710449e-02,-1.496000051498413086e+00
8.708000183105468750e+00,3.000000026077032089e-03,5.402199935913085938e+01,-1.299999952316284180e-01,-1.496000051498413086e+00
8.708000183105468750e+00,4.800000041723251343e-02,5.402199935913085938e+01,1.369999945163726807e-01,-1.496000051498413086e+00
8.708000183105468750e+00,-1.499999966472387314e-02,5.402199935913085938e+01,-1.599999964237213135e-01,-1.496000051498413086e+00
8.708000183105468750e+00,4.800000041723251343e-02,5.402199935913085938e+01,1.609999984502792358e-01,-1.496000051498413086e+00
8.708000183105468750e+00,-2.500000037252902985e-02,5.402199935913085938e+01,-1.710000038146972656e-01,-1.496000051498413086e+00
8.708000183105468750e+00,4.800000041723251343e-02,5.402199935913085938e+01,1.630000025033950806e-01,-1.496000051498413086e+00
8.708000183105468750e+00,-2.800000086426734924e-02,5.402199935913085938e+01,-1.620000004768371582e-01,-1.496000051498413086e+00
8.708000183105468750e+00,4.500000178813934326e-02,5.402199935913085938e+01,1.449999958276748657e-01,-1.496000051498413086e+00
8.708000183105468750e+00,-2.300000004470348358e-02,5.402299880981445312e+01,-1.340000033378601074e-01,-1.496000051498413086e+00
8.704999923706054688e+00,-2.885999917984008789e+00,5.402500152587890625e+01,2.619999885559082031e+00,-1.417999982833862305e+00
8.689000129699707031e+00,-1.259099960327148438e+01,5.403200149536132812e+01,4.765999794006347656e+00,-1.340000033378601074e+00
8.649000167846679688e+00,-2.752599906921386719e+01,5.404700088500976562e+01,9.366999626159667969e+00,-1.261999964714050293e+00
8.574000358581542969e+00,-4.767900085449218750e+01,5.406900024414062500e+01,1.300500011444091797e+01,-1.182999968528747559e+00
8.454999923706054688e+00,-7.138700103759765625e+01,5.409999847412109375e+01,1.840999984741210938e+01,-1.105000019073486328e+00
8.284999847412109375e+00,-9.849900054931640625e+01,5.414199829101562500e+01,2.292200088500976562e+01,-1.026999950408935547e+00
8.059000015258789062e+00,-1.275459976196289062e+02,5.419300079345703125e+01,2.802300071716308594e+01,-9.490000009536743164e-01
7.772999763488769531e+00,-1.581739959716796875e+02,5.425299835205078125e+01,3.239899826049804688e+01,-8.709999918937683105e-01
7.426000118255615234e+00,-1.892409973144531250e+02,5.432199859619140625e+01,3.604700088500976562e+01,-7.929999828338623047e-01
7.015999794006347656e+00,-2.201860046386718750e+02,5.439799880981445312e+01,3.923500061035156250e+01,-7.149999737739562988e-01
6.546000003814697266e+00,-2.502559967041015625e+02,5.447700119018554688e+01,4.048199844360351562e+01,-6.359999775886535645e-01
6.017000198364257812e+00,-2.787399902343750000e+02,5.456000137329101562e+01,4.166500091552734375e+01,-5.580000281333923340e-01
5.432000160217285156e+00,-3.052640075683593750e+02,5.464199829101562500e+01,3.999800109863281250e+01,-4.799999892711639404e-01
4.797999858856201172e+00,-3.290690002441406250e+02,5.472100067138671875e+01,3.878699874877929688e+01,-4.020000100135803223e-01
4.118999958038330078e+00,-3.501040039062500000e+02,5.479399871826171875e+01,3.424399948120117188e+01,-3.240000009536743164e-01
3.401000022888183594e+00,-3.676870117187500000e+02,5.485900115966796875e+01,3.072999954223632812e+01,-2.460000067949295044e-01
2.651000022888183594e+00,-3.819979858398437500e+02,5.491299819946289062e+01,2.388199996948242188e+01,-1.669999957084655762e-01
1.876999974250793457e+00,-3.925509948730468750e+02,5.495600128173828125e+01,1.856599998474121094e+01,-8.900000154972076416e-02
1.083999991416931152e+00,-3.996929931640625000e+02,5.498400115966796875e+01,9.376999855041503906e+00,-1.099999994039535522e-02
2.809999883174896240e-01,-4.031040039062500000e+02,5.499700164794921875e+01,3.717999935150146484e+00,6.700000166893005371e-02
-5.249999761581420898e-01,-4.032839965820312500e+02,5.499499893188476562e+01,-5.394999980926513672e+00,1.449999958276748657e-01
-1.328999996185302734e+00,-4.002040100097656250e+02,5.497900009155273438e+01,-1.146000003814697266e+01,2.230000048875808716e-01
-2.122999906539916992e+00,-3.943370056152343750e+02,5.494800186157226562e+01,-1.963100051879882812e+01,3.019999861717224121e-01
-2.904000043869018555e+00,-3.858770141601562500e+02,5.490200042724609375e+01,-2.550900077819824219e+01,3.799999952316284180e-01
-3.664999961853027344e+00,-3.753389892578125000e+02,5.484500122070312500e+01,-3.192799949645996094e+01,4.580000042915344238e-01
-4.402999877929687500e+00,-3.629469909667968750e+02,5.477600097656250000e+01,-3.722000122070312500e+01,5.360000133514404297e-01
-5.116000175476074219e+00,-3.493729858398437500e+02,5.469699859619140625e+01,-4.149200057983398438e+01,6.140000224113464355e-01
-5.800000190734863281e+00,-3.346499938964843750e+02,5.460900115966796875e+01,-4.601200103759765625e+01,6.919999718666076660e-01
-6.453999996185302734e+00,-3.197210083007812500e+02,5.451499938964843750e+01,-4.817399978637695312e+01,7.710000276565551758e-01
-7.078999996185302734e+00,-3.042479858398437500e+02,5.441400146484375000e+01,-5.191799926757812500e+01,8.489999771118164062e-01
